mysql> select * from employee;
+-------------+------------+-----------+---------+---------------------+------------+
| Employee_id | First_name | Last_name | Salary  | Joining_data        | Department |
+-------------+------------+-----------+---------+---------------------+------------+
|           1 | John       | Abraham   | 1000000 | 2013-01-01 00:00:00 | Banking    |
|           2 | Michael    | Clarke    | 800000  | 2013-01-01 12:00:00 | Insurance  |
|           3 | Roy        | Thomas    | 700000  | 2013-02-01 12:00:00 | Banking    |
|           4 | Tom        | Jose      | 600000  | 2013-02-01 12:00:00 | Insurance  |
|           5 | Jerry      | Pinto     | 650000  | 2013-02-01 12:00:00 | Insurance  |
|           6 | Philip     | Mathew    | 750000  | 2013-01-01 12:00:00 | Services   |
|           7 | TestName1  | 123       | 650000  | 2013-01-01 12:00:00 | Services   |
|           8 | TestName2  | Lname%    | 600000  | 2013-02-01 12:00:00 | Insurance  |
+-------------+------------+-----------+---------+---------------------+------------+
8 rows in set (0.00 sec)

mysql> select * from Incentives;
+-----------------+----------------+------------------+
| Employee_ref_id | Incentive_date | Incentive_amount |
+-----------------+----------------+------------------+
|               1 | 2013-01-01     | 4500             |
|               1 | 2013-02-01     | 5000             |
|               2 | 2013-01-01     | 3500             |
|               2 | 2013-02-01     | 3000             |
|               3 | 2013-02-01     | 4000             |
+-----------------+----------------+------------------+
5 rows in set (0.00 sec)


    //  1. Get employee details from employee table whose employee name is “John”

mysql> select * from employee where first_name='john';
+-------------+------------+-----------+---------+---------------------+------------+
| Employee_id | First_name | Last_name | Salary  | Joining_data        | Department |
+-------------+------------+-----------+---------+---------------------+------------+
|           1 | John       | Abraham   | 1000000 | 2013-01-01 00:00:00 | Banking    |
+-------------+------------+-----------+---------+---------------------+------------+
1 row in set (0.00 sec)
